<collection xmlns="http://exist.sourceforge.net/NS/exist" name="/db/apps/calendarX" owner="admin" group="dba" mode="775" created="2015-06-22T14:53:46+02:00" version="1">
    <acl entries="0" version="1"/>
    <resource type="BinaryResource" name="pre-install.xql" owner="admin" group="dba" mode="775" created="2015-06-22T14:53:46+02:00" modified="2015-07-31T11:57:35+02:00" filename="pre-install.xql" mimetype="application/xquery">
        <acl entries="0" version="1"/>
    </resource>
    <resource type="XMLResource" name="collection.xconf" owner="admin" group="dba" mode="664" created="2015-06-22T14:53:46+02:00" modified="2015-07-31T11:57:35+02:00" filename="collection.xconf" mimetype="application/xml">
        <acl entries="0" version="1"/>
    </resource>
    <resource type="XMLResource" name="error-page.html" owner="admin" group="dba" mode="664" created="2015-06-22T14:53:46+02:00" modified="2015-07-31T11:57:35+02:00" filename="error-page.html" mimetype="text/html">
        <acl entries="0" version="1"/>
    </resource>
    <resource type="XMLResource" name="build.xml" owner="admin" group="dba" mode="644" created="2015-06-22T14:53:46+02:00" modified="2015-07-31T11:57:35+02:00" filename="build.xml" mimetype="application/xml">
        <acl entries="0" version="1"/>
    </resource>
    <resource type="XMLResource" name="repo.xml" owner="admin" group="dba" mode="664" created="2015-06-22T14:53:46+02:00" modified="2015-07-31T11:57:35+02:00" filename="repo.xml" mimetype="application/xml">
        <acl entries="0" version="1"/>
    </resource>
    <resource type="XMLResource" name="expath-pkg.xml" owner="admin" group="dba" mode="664" created="2015-06-22T14:53:46+02:00" modified="2015-07-31T11:57:35+02:00" filename="expath-pkg.xml" mimetype="application/xml">
        <acl entries="0" version="1"/>
    </resource>
    <resource type="BinaryResource" name="controller.xql" owner="admin" group="dba" mode="775" created="2015-06-22T14:53:46+02:00" modified="2015-07-31T11:57:35+02:00" filename="controller.xql" mimetype="application/xquery">
        <acl entries="0" version="1"/>
    </resource>
    <resource type="XMLResource" name="index.xhtml" owner="admin" group="dba" mode="644" created="2015-07-13T15:51:46+02:00" modified="2015-08-03T09:41:14+02:00" filename="index.xhtml" mimetype="application/xhtml+xml">
        <acl entries="0" version="1"/>
    </resource>
    <subcollection name="templates" filename="templates"/>
    <subcollection name="modules" filename="modules"/>
    <subcollection name="resources" filename="resources"/>
    <subcollection name="test" filename="test"/>
    <subcollection name="app_info" filename="app_info"/>
</collection>