<collection xmlns="http://exist.sourceforge.net/NS/exist" name="/db/apps/calendarX/resources" owner="admin" group="dba" mode="775" created="2015-06-22T14:53:46+02:00" version="1">
    <acl entries="0" version="1"/>
    <resource type="XMLResource" name="createDayView.xsl" owner="admin" group="dba" mode="644" created="2015-06-22T16:59:34+02:00" modified="2015-08-03T13:18:44+02:00" filename="createDayView.xsl" mimetype="application/xslt+xml">
        <acl entries="0" version="1"/>
    </resource>
    <resource type="XMLResource" name="createMonthView.xsl" owner="admin" group="dba" mode="644" created="2015-06-22T16:52:24+02:00" modified="2015-08-02T20:12:39+02:00" filename="createMonthView.xsl" mimetype="application/xslt+xml">
        <acl entries="0" version="1"/>
    </resource>
    <resource type="XMLResource" name="createWeekView.xsl" owner="admin" group="dba" mode="644" created="2015-06-22T16:59:32+02:00" modified="2015-07-31T21:54:37+02:00" filename="createWeekView.xsl" mimetype="application/xslt+xml">
        <acl entries="0" version="1"/>
    </resource>
    <resource type="XMLResource" name="CalendarXEvents.xsd" owner="admin" group="dba" mode="644" created="2015-06-22T19:04:06+02:00" modified="2015-07-31T11:51:04+02:00" filename="CalendarXEvents.xsd" mimetype="application/xml">
        <acl entries="0" version="1"/>
    </resource>
    <resource type="XMLResource" name="sampleCalendarXBackup.xml" owner="admin" group="dba" mode="644" created="2015-08-02T16:42:19+02:00" modified="2015-08-05T10:26:10+02:00" filename="sampleCalendarXBackup.xml" mimetype="application/xml">
        <acl entries="0" version="1"/>
    </resource>
    <resource type="XMLResource" name="CalendarX.xsd" owner="admin" group="dba" mode="644" created="2015-06-22T15:08:52+02:00" modified="2015-08-02T16:39:17+02:00" filename="CalendarX.xsd" mimetype="application/xml">
        <acl entries="0" version="1"/>
    </resource>
    <resource type="XMLResource" name="myEvents.html" owner="admin" group="dba" mode="644" created="2015-06-22T20:41:34+02:00" modified="2015-07-31T11:51:04+02:00" filename="myEvents.html" mimetype="text/html">
        <acl entries="0" version="1"/>
    </resource>
    <resource type="XMLResource" name="sampleCalendarX.xml" owner="admin" group="dba" mode="644" created="2015-07-14T13:34:08+02:00" modified="2015-08-05T13:23:15+02:00" filename="sampleCalendarX.xml" mimetype="application/xml">
        <acl entries="0" version="1"/>
    </resource>
    <subcollection name="images" filename="images"/>
    <subcollection name="css" filename="css"/>
</collection>