<calendarX xmlns:xsi="http://www.w3.org/2001/XMLSchema-instance" description="Demonstrating super events" xsi:noNamespaceSchemaLocation="CalendarX.xsd"><calendars><calendar description="Demonstrating super events"><superEvents><superEvent categories="teaching" description="XMLT2015"><eventRules><eventRule description="XMLT2015" endTime="12:00:00" note="" startTime="10:15:00"><recurrencePattern>thursdaysInS105wOFeiertage</recurrencePattern><attendees><attendee>Brueggemann-Klein</attendee></attendees><location>00.09.13A</location></eventRule></eventRules></superEvent><superEvent categories="teaching" description="EPS2015"><eventRules><eventRule description="EPS2015Mo" endTime="11:45:00" note="" startTime="10:00:00"><recurrencePattern>mondaysInS2015</recurrencePattern><attendees><attendee>Brueggemann-Klein</attendee></attendees><location>00.09.13A</location></eventRule><eventRule description="EPS2015Tue" endTime="17:45:00" note="" startTime="16:15:00"><recurrencePattern>tuesdaysInS2015</recurrencePattern><attendees><attendee>Brueggemann-Klein</attendee></attendees><location>HS2</location></eventRule></eventRules></superEvent><superEvent categories="private" description="Sports"><eventRules><eventRule description="Sports" endTime="20:00:00" note="" startTime="19:00:00"><recurrencePattern>fridaysIn2015</recurrencePattern><attendees><attendee>Luigi</attendee><attendee>Florian</attendee></attendees><location>Munich</location></eventRule></eventRules></superEvent><superEvent categories="private" description="Vacation_Course"><eventRules><eventRule description="Vacation_Course" endTime="16:00:00" note="" startTime="08:15:00"><recurrencePattern>Vacation_Course</recurrencePattern><attendees><attendee>Nobody</attendee></attendees><location>Munich</location></eventRule></eventRules></superEvent><superEvent categories="private" description="every10thIn2015"><eventRules><eventRule description="every10thIn2015" endTime="00:00:00" note="" startTime="00:00:00"><recurrencePattern>every10thIn2015</recurrencePattern><attendees><attendee>Florian</attendee></attendees><location>Munich</location></eventRule></eventRules></superEvent><superEvent categories="private" description="FlorianGeburtstag"><eventRules><eventRule description="FlorianGeburtstag" endTime="00:00:00" note="" startTime="00:00:00"><recurrencePattern>florianBirthday</recurrencePattern><attendees><attendee>Florian</attendee></attendees><location>Munich</location></eventRule></eventRules></superEvent><superEvent categories="private" description="StefanieGeburtstag"><eventRules><eventRule description="StefanieGeburtstag" endTime="20:00:00" note="" startTime="00:00:00"><recurrencePattern>stefanieBirthday</recurrencePattern><attendees><attendee>Stefanie</attendee></attendees><location>Munich</location></eventRule></eventRules></superEvent><superEvent categories="private" description="MrXGeburtstag"><eventRules><eventRule description="MrXGeburtstag" endTime="00:00:00" note="" startTime="00:00:00"><recurrencePattern>MrXBirthday</recurrencePattern><attendees><attendee>Stefanie</attendee></attendees><location>Munich</location></eventRule></eventRules></superEvent><superEvent categories="private" description="monthlySundays"><eventRules><eventRule description="monthlySundays" endTime="13:00:00" note="" startTime="10:00:00"><recurrencePattern>monthlySundays</recurrencePattern><attendees><attendee>Luigi</attendee><attendee>Florian</attendee></attendees><location>Munich</location></eventRule></eventRules></superEvent><superEvent categories="private" description="Fronleichnam"><eventRules><eventRule description="Fronleichnam" endTime="10:00:00" note="" startTime="07:00:00"><recurrencePattern>Fronleichnam</recurrencePattern><attendees/></eventRule></eventRules></superEvent><superEvent categories="private" description="XML-Testat"><eventRules><eventRule description="XML-Testat" endTime="16:00:00" note="" startTime="15:00:00"><recurrencePattern>XML-Testat</recurrencePattern><attendees/></eventRule></eventRules></superEvent><superEvent categories="private" description="yearlyTuesdays"><eventRules><eventRule description="yearlyTuesdays" endTime="14:00:00" note="" startTime="11:00:00"><recurrencePattern>yearlyTuesdays</recurrencePattern><attendees/></eventRule></eventRules></superEvent><superEvent categories="private" description="Test"><eventRules><eventRule description="Test" endTime="10:00:00" note="" startTime="07:00:00"><recurrencePattern>Test</recurrencePattern><attendees/></eventRule></eventRules></superEvent></superEvents></calendar></calendars><patterns><differencePattern description="thursdaysInS105wOFeiertage"><firstPattern>thursdaysInS2015</firstPattern><furtherPatterns><furtherPattern>Feiertage2015</furtherPattern></furtherPatterns></differencePattern><intersectionPattern description="thursdaysInS2015"><firstPattern>S2015</firstPattern><furtherPatterns><furtherPattern>thursdays</furtherPattern></furtherPatterns></intersectionPattern><unionPattern description="Feiertage2015"><firstPattern>ChrHf</firstPattern><furtherPatterns><furtherPattern>Fronleichnam</furtherPattern></furtherPatterns></unionPattern><dailyPattern description="ChrHf" endDate="2015-05-14" startDate="2015-05-14"/><dailyPattern description="Test" endDate="2015-06-01" startDate="2015-06-01"/><dailyPattern description="Fronleichnam" endDate="2015-06-04" startDate="2015-06-04"/><dailyPattern description="S2015" endDate="2015-07-17" startDate="2015-04-13"/><dailyPattern description="WS2015" endDate="2015-10-12" startDate="2015-01-29"/><dailyPattern description="Vacation_Course" endDate="2015-08-20" startDate="2015-08-17"/><dailyPattern description="In2015" endDate="2015-12-31" startDate="2015-01-01"/><dailyPattern description="XML-Testat" endDate="2015-08-05" startDate="2015-08-05"/><weeklyPattern dayOfWeek="Monday" description="mondays"/><weeklyPattern dayOfWeek="Tuesday" description="tuesdays"/><weeklyPattern dayOfWeek="Wednesday" description="wednesdays"/><weeklyPattern dayOfWeek="Thursday" description="thursdays"/><weeklyPattern dayOfWeek="Friday" description="fridays"/><weeklyPattern dayOfWeek="Saturday" description="saturdays"/><weeklyPattern dayOfWeek="Sunday" description="sundays"/><cardinalMonthlyPattern dayOfMonth="10" description="every10thIn2015" endDate="2035-12-31" startDate="2015-01-01"/><cardinalYearlyPattern dayOfMonth="17" description="florianBirthday" month="November"/><cardinalYearlyPattern dayOfMonth="22" description="stefanieBirthday" month="January"/><cardinalYearlyPattern dayOfMonth="01" description="MrXBirthday" month="August"/><ordinalYearlyPattern dayType="weekDay" description="firstWeekDayAugust" endDate="2035-12-31" month="August" ordinal="first" startDate="2010-01-01"/><ordinalMonthlyPattern dayType="weekDay" description="ultimateWeekOfEachMonth" endDate="2035-12-31" ordinal="ultimate" startDate="2010-01-01"/><intersectionPattern description="fridaysIn2015"><firstPattern>fridays</firstPattern><furtherPatterns><furtherPattern>In2015</furtherPattern></furtherPatterns></intersectionPattern><intersectionPattern description="yearlyTuesdays"><firstPattern>firstWeekDayAugust</firstPattern><furtherPatterns><furtherPattern>tuesdays</furtherPattern></furtherPatterns></intersectionPattern><intersectionPattern description="monthlySundays"><firstPattern>ultimateWeekOfEachMonth</firstPattern><furtherPatterns><furtherPattern>sundays</furtherPattern></furtherPatterns></intersectionPattern><intersectionPattern description="mondaysInS2015"><firstPattern>S2015</firstPattern><furtherPatterns><furtherPattern>mondays</furtherPattern></furtherPatterns></intersectionPattern><intersectionPattern description="tuesdaysInS2015"><firstPattern>S2015</firstPattern><furtherPatterns><furtherPattern>tuesdays</furtherPattern></furtherPatterns></intersectionPattern></patterns><users/><contacts><contact description="Florian"/><contact description="Stefanie"/><contact description="Nobody"/><contact description="Luigi"/><contact description="Brueggemann-Klein"/></contacts><locations><location description="00.09.13A"/><location description="HS2"/><location description="Munich"/></locations></calendarX>