<collection xmlns="http://exist.sourceforge.net/NS/exist" name="/db/apps/calendarX/modules" owner="admin" group="dba" mode="775" created="2015-06-22T14:53:46+02:00" version="1">
    <acl entries="0" version="1"/>
    <resource type="BinaryResource" name="functx-1.0-doc-2007-01.xq" owner="admin" group="dba" mode="644" created="2015-06-22T15:05:39+02:00" modified="2015-07-31T11:50:00+02:00" filename="functx-1.0-doc-2007-01.xq" mimetype="application/xquery">
        <acl entries="0" version="1"/>
    </resource>
    <resource type="BinaryResource" name="config.xqm" owner="admin" group="dba" mode="775" created="2015-06-22T14:53:46+02:00" modified="2015-07-31T11:49:59+02:00" filename="config.xqm" mimetype="application/xquery">
        <acl entries="0" version="1"/>
    </resource>
    <resource type="BinaryResource" name="app.xql" owner="admin" group="dba" mode="775" created="2015-06-22T14:53:46+02:00" modified="2015-07-31T11:49:57+02:00" filename="app.xql" mimetype="application/xquery">
        <acl entries="0" version="1"/>
    </resource>
    <resource type="BinaryResource" name="pattern_lib.xquery" owner="admin" group="dba" mode="644" created="2015-06-22T15:05:17+02:00" modified="2015-08-04T16:14:03+02:00" filename="pattern_lib.xquery" mimetype="application/xquery">
        <acl entries="0" version="1"/>
    </resource>
    <resource type="XMLResource" name="functx-1.0-doc-2007-01.xsl.xml" owner="admin" group="dba" mode="644" created="2015-06-22T15:05:53+02:00" modified="2015-07-31T11:50:02+02:00" filename="functx-1.0-doc-2007-01.xsl.xml" mimetype="application/xml">
        <acl entries="0" version="1"/>
    </resource>
    <resource type="BinaryResource" name="reflectData.xquery" owner="admin" group="dba" mode="644" created="2015-08-05T12:57:09+02:00" modified="2015-08-05T12:57:09+02:00" filename="reflectData.xquery" mimetype="application/xquery">
        <acl entries="0" version="1"/>
    </resource>
    <resource type="BinaryResource" name="view.xql" owner="admin" group="dba" mode="775" created="2015-06-22T14:53:46+02:00" modified="2015-07-31T11:50:05+02:00" filename="view.xql" mimetype="application/xquery">
        <acl entries="0" version="1"/>
    </resource>
</collection>