<book><bookinfo><title>CalendarX Project</title><author><firstname>Florian </firstname><surname>Haffke</surname></author><author><firstname>Stefanie</firstname><surname>Mollenkopf</surname></author></bookinfo><part><title>CalendarX Development</title><chapter><title>Introduction</title><sect1><title>CalendarX-System</title><para>The calendarX system is a calendar written exclusively in XML and its
                    satellite technologies. The main functionalities are on the one hand creating or
                    updating events in the integrated database, and on the other hand depicting the
                    stored events in different views displaying a specific date, week or month. </para><para>Making use of the great variety of technologies enables the developing team to
                    start the development from the very scratch. Scalable vector graphics (SVG)
                    allows the visual representation of the calendar. Transformation languages of
                    XML namely XSLT and XQuery build the bridge from the plain XML event stored in
                    database to the visual representation. Another building stone is the use of
                    XHtml with XForms to allow the user to create or edit events. This completes the
                    functionalities of the CalendarX to the fundamental database operations –
                    create, read, update, delete (CRUD). </para><para>The calendarX system follows XML schema created by Prof. Dr. Brüggemann-Klein
                    (TUM) and was created during the summer term 2015 as part of the practical
                    academic course ‘XML Technology’. SuperEvents are complex events that allow you
                    to combine different recurrence patterns, with any depth. The patterns consists
                    of a set of both simple and complex pattern that allow the search to reach a
                    single date further explained in the belonging section.</para><para>The following describes how each single XML technology is used in the
                    CalendarX system to create a certain functionality. </para></sect1></chapter><chapter><title>XML, Styles and DocBook</title><sect1><title>DocBook</title><para>The 'XML Technology' project is documented in DocBook decscribing the development
                    and features of the calendarX system. DocBook allows a handy transformation to
                    pdf .</para></sect1><sect1><title>CSS</title><para>All implemented XHtml files or XHtml files generated by XQueries-returns are
                    linked to the same stylesheet (“style.css”) to adhere a uniform and clear style
                    all over the application.</para></sect1></chapter><chapter><title>XHtml Main Page</title><sect1><title>Main Menu and IFrame View</title><mediaobject><imageobject><imagedata fileref="screenshots/mainPageScreen.png" format="PNG" align="center" scalefit="1" width="100%" contentdept="100%"/></imageobject><caption>
                        The two parts of the main page screen
                    </caption></mediaobject><para>The Main Page ("index.xhtml") is the user interface to let the user control
                    his calendarX-System. It consists of mainly two visually separated parts. The
                    main menu bar for basic user control mechanisms and the IFrame view for detailed
                    information exchange.</para><para>The main menu bar is in the header of the view. It allows the user to fill in
                    a date he requests event information for and set up the view type he wishes the
                    information to be displayed (Day-, Week- or MonthView buttons). The final
                    response of the server is immediately shown in the IFrame View just under the
                    menu bar. It is a depiction of the data requested by an XQuery and transformed
                    by an XSLT stylesheet to be drawn with SVG embedded in Xhtml.</para><para>Furthermore, the user may also click on another menu button to gain full CRUD
                    access to his data. This is done with the help of XForms, which is explained in
                    a later chapter. The Edit CalendarX button opens a user interface
                    ("editCalendarX.xquery") in the IFrame view to allow operations on the calendarX
                    system data, more particular on SuperEvents, Contacts and Locations. </para><para>The Edit Patterns button is the completion of the calendarX system, which
                    opens a user interface ("editPatterns.xhtml") in the IFrame view to allow full
                    CRUD operations on the pattern data of the calendarX system.</para><para>On the upper right hand corner there is the Login button, which isn’t fully
                    implemented and thus only shows the user interface ("login.xhtml") for a login
                    option without functionality. However, to get full access over the data
                    manipulation an authorization in EXist as “admin” is implemented to be
                    required.</para></sect1></chapter><chapter><title>SVG and XSLT</title><sect1><title>SVG - visual representation</title><para>SVG stands for Scalable Vector Graphics and defines vector-based graphics in
                    XML. SVG is W3C recommendation and therefore choice for the visual
                    representation of calendarX.</para><para>CalendarX offers three views for the depiction of day, week or month. Each
                    view is based on an own SVG but the structure or use of SVG elements remains
                    similar with each view. The core builds the definition of SVG pattern (or SVG
                    fill pattern) defined inside a &lt;def&gt;-Element and referenced with an id. The
                    pattern itself defines a shape that consists of other svg objects or images and
                    can be applied in other objects and &lt;use&gt;-d. The pattern in the calendarX
                    view represents a column filled with SVG rectangles representing a weekday in
                    the month and week view or a solemn day in the day view. The filling SVG
                    rectangles represent either the calendar weeks in month view or the hours in
                    both week and day view.</para></sect1><sect1><title>XSLT - transform events </title><para>The complementary technology to use SVG in calendarX is XSLT that stands for
                    Extensible Styleheet Language Transformation. It is possible to include the SVG
                    views in XSLT files. Again each view has its own XSLT file that enables the
                    transformation of XML file containing events for a requested date, week or
                    month. This XML file is an intermediate file, generated from the database with
                    XQuery language in a first step with the purpose to be transformed in a second
                    step with XSLT into the SVG views displayable in webbrowser.</para><para>XSLT is choice for the second step of data preparation due to its ability to
                    transform XML into SVG, Html or any self-defined XML format. The three possible
                    ways of using XSLT is pull-, push-based and functional programming. The
                    pull-based programming appears to be most intuitive for XSLT beginners and
                    sufficient for the current status of calendarX project. Later on more advanced
                    techniques can be applied to improve the depiction and performance of calendarX.
                    The functx library module is a set of functions availabe for XQuery and XSLT and
                    is imported into the projects library folder. The integration of SVG and XSLT as
                    well as the functionality of the functx library module enables the
                    transformation of events to their right place in each view.</para><para>In the second development phase, in order to provide functionality that allows
                    the user to edit events, a way to access the data of the event is needed.
                    Therefore an Html link is placed in the XSLT file with each single event that is
                    generated when the user requests the information of a certain date. The event is
                    now clickable and links on user perspective to a new page. Behind the scene with
                    the click the event date as parameter is given to XQuery file that includes
                    XHtml with XForms and retrieves requested data from the xml database. The event
                    is then displayed in a blank or form that allows to modify the event and save
                    the changes in database.</para></sect1><mediaobject><imageobject><imagedata fileref="screenshots/monthView.png" format="PNG" align="center" scalefit="1" width="100%" contentdept="100%"/></imageobject><caption> Month view with SVG including XSLT transformed data</caption></mediaobject></chapter><chapter><title>XQuery according XML Schema</title><sect1><title>XQueries - retrieve events from database </title><para>The function library ("pattern_lib.xquery") is used to collect event data from
                    the CalendarX SuperEvents following the CalendarX schema (“calendar.xsd”) and
                    return it as a list of events following the event schema for XML (“events.xsd”).
                    The Input is always a date in format YYYY-MM-DD (ISO Norm). It is possible to
                    invoke three main functions giving back the events for:</para><para>(1)The day of the date: “pl:getEventsForDay($qDate as xs:date) as
                    element()*”</para><para>(2)The week wrapping the date: “pl:getEventsForWeek($qDate as xs:date) as
                    element()*”</para><para>(3)The month containing the date: “pl:getEventsForMonth($qDate as xs:date) as
                    element()*”</para><para>Explanations of functionality:</para><para>The day function (1) basically consists of an iteration over the documents
                    CalendarX data and returns the event relevant data from the SuperEvents for all
                    patterns embracing the requested date. This inclusion is calculated by a two
                    level recursive function call giving back only a boolean whether a date is
                    covered by a recurrence pattern or not. First on level 1, the function
                    “pl:isDateInPattern($qDate as xs:date, $recPatternText as xs:string) as
                    xs:boolean” is called to iterate through the CalendarX data to find the pattern
                    it gets as parameter. Once it is found the pattern could possibly be a simple
                    pattern, a complex pattern or part of a complex pattern. To provide any depth
                    resolution for the patterns, a recursive help function on level 2 is invoked
                    “pl:isDateInPatternHelp($qDate as xs:date, $pattern as element()) as
                    xs:boolean”. The help function compares the name of the pattern element (not the
                    actual pattern name) with some prescribed options. According to the schema, the
                    options are:</para><para>(a) Daily, weekly, ordinal-/cardinal-monthly and ordinal-/cardinal-yearly as
                    simple patterns.</para><para>(b) Difference, intersection and union as complex patterns.</para><para>(c) First and further as part of a complex patterns. </para><para>The simple functions (a) return true if a date is in the asked time span. The
                    complex functions (b) return true if a date is part of a set of simple patterns.
                    For this, the help function is recursive-called on level 2 for all parts of the
                    complex patterns and the result combined according the typical set operators.
                    The parts are first and one or more further patterns (c). If the help functions
                    is invoked with these pattern names, the patterns contained could possibly be
                    simple or complex patterns (means recurrence patterns as in very first invoke),
                    it needs to compare the actual name of the patterns (not the name of the pattern
                    element) with the whole list of patterns in CalendarX and therefore invokes the
                    function on level 1.</para><para>Requesting the events for a specific date, the week function (2) determines
                    the first day of this week using help functions and invokes the day function (1)
                    seven times. For example requesting events for 2015-06-21 (Sunday) will give
                    back the data for all events placed in the week from 2015-06-15 to 2015-06-21
                    ordered by date and starting time. </para><para>The month function (3) is similar and produces a list of all events in the
                    month of the requested date ordered by date and starting time by repeating the
                    day function (1) for every single day in month. </para><para>Additionally it is also possible to get the event data for a specific amount
                    of days starting from the input date (inclusive). Then the function
                    “pl:getEventsForMoreDays($qDate as xs:date, $i as xs:integer) as element()*”
                    should be called with a second parameter setting x days to be events calculated
                    for. Thus, this function has currently no rendering view implemented.</para></sect1></chapter><chapter><title>XForms CRUD Functionalities</title><sect1><title>Edit CalendarX - Full Access</title><para>The Edit CalendarX View (“editCalendarX.xquery”) is accessible via the Edit
                    CalendarX button of the main menu or by clicking on a specific event in the Day-
                    or WeekView. The last option sets a query parameter to display the clicked event
                    as selected event, everything else is absolutely identical.</para><para>In detail, the view consists of three parts:</para><para>(1) The menu bar on the top </para><para>(2) The edit mode for a selected SuperEvent on the left  </para><para>(3) The edit mode for single data on the right</para><mediaobject><imageobject><imagedata fileref="screenshots/editCalendarXScreen.png" format="PNG" align="center" scalefit="1" width="100%" contentdept="100%"/></imageobject><caption>
                        The three parts of the edit calendarX screen
                    </caption></mediaobject><para>The Edit CalendarX View is an XQuery document to handle a parametric query
                    (parameter is the selected SuperEvent if queried) from the main page
                    interaction. However its logic is fully implemented in XForms embedded in XHtml
                    as a return statement of the query. The basic methodology is to request the
                    initial data from the database server and work on a client site model of it. The
                    model consists mainly of an instance of the calendarX data
                    (“sampleCalendarX.xml”) and additionally of a few more instances
                    (“superEventTemplate.xml”, “patternTemplate.xml”, “contactTemplate.xml” and
                    “locationTemplate.xml”) to provide the necessary xml data structure to insert
                    new data in the calendarX instance.</para><para>On the left site (2) one can see the selected SuperEvent data and fully CRUD
                    edit it. The SuperEvent data is shown in detailed input or select fields (Read
                    functionality), which one can easily manipulate by clicking on it (Update
                    functionality). One can also add a new SuperEvent to the calendarX instance, a
                    single new EventRule for the selected SuperEvent or an Attendee for the selected
                    EventRule by clicking on the related plus symbol (Create functionality). Same
                    intuitive handling, but deletion is forced with the related cross symbol (Delete
                    functionality). All changes made by the user immediately influence and update
                    the calendarX instance on the client site.</para><para>It is also possible to add and delete contacts and location data to the
                    calendarX instance by using the plus or cross symbol options on the right site
                    (3). For example, one can add a new contact “Me” on the right site and it will
                    show up on the attendee select menu on the left site. Due to complexity and
                    information overloading it is not possible to create or update patterns in this
                    view (see Edit Patterns chapter for details), but to provide necessary
                    information one can search for a pattern and view the structure via the
                    PatternLogic button (Read functionality) or even remove the selected pattern
                    from the calendarX instance (Delete functionality) via the cross symbol. It will
                    disappear on the select menu for patterns on the left site.</para><para>After having made some changes to the calendarX instance, the whole model can
                    either be saved via the Save Changes button on the top (1) or it can be reset to
                    the initial model data from the database via the Reset Changes button next to
                    it. Practically, the save button is an XForms submission with an http put method
                    to replace the database file (“sampleCalendarX.xml”) on the server site with the
                    calendarX instance on the client site. And following the same idea, the reset
                    button is an XForms submission with an http get request to replace the current
                    calendarX instance on the client site with the original data from the database
                    file on the server site, which culminates in the reset power. On the top view’s
                    right site one can change the SuperEvent to work on via the select menu.</para></sect1><sect1><title>Single Event View - Light Access</title><para>The Single Event View  (“editSingleSuperEvent.xquery”) is invoked if one
                    clicks on a specific event in the MonthView. It is very similar to the Edit
                    CalendarX View, but with extremely restricted options, a light access to the
                    database. </para><para>It consists of two parts:</para><para>(1)  The menu bar on the top, including an editing mode for single data</para><para>(2) The edit mode for a single SuperEvent data on the left</para><mediaobject><imageobject><imagedata fileref="screenshots/singleEventViewScreen.png" format="PNG" align="center" scalefit="1" width="100%" contentdept="100%"/></imageobject><caption>
                        The two parts of the single event view screen
                    </caption></mediaobject><para>The logical behind it the same as in the full access view. It provides an
                    instance of the calendarX. But this time it is only possible to change a few
                    data of only the previously clicked SuperEvent (2) or to add a new contact or a
                    new location (1). Save and reset submissions are included to make the changes
                    valid.</para><para>The intention of this view is to not overload the user with information and
                    functionality after clicking on an event, especially for demonstration purpose.
                    Currently both views exist in parallel. </para></sect1><sect1><title>Edit Patterns</title><para>The Edit Patterns View (“editPatterns.xhtml”) is accessible via the Edit
                    Patterns button of the main menu.</para><para>In detail, the view consists of three parts:</para><para>(1) The menu bar on the top </para><para>(2) The edit mode for a selected Pattern on the left </para><para>(3) The add new Pattern mode on the right</para><mediaobject><imageobject><imagedata fileref="screenshots/editPatternsScreen.png" format="PNG" align="center" scalefit="1" width="100%" contentdept="100%"/></imageobject><caption>
                        The three parts of the edit patterns screen
                    </caption></mediaobject><para>The Edit Pattern View is an XForms application embedded in an XHtml document
                    as host language.</para><para>In part (2) one can edit the currently selected Pattern with full CRUD
                    functionality. Since the views for each Pattern differ from each other, they
                    aren’t explained in detail here, but for further information read the chapter
                    for the full access. All functionality used in the Edit Pattern View is also
                    used in the Full Access view to edit the calendarX. One thing to mention is the
                    View button. It guides the user to the selected Pattern next to the button to
                    get a clearer understanding of what the sub Patterns of a complex Pattern look
                    like.</para><para>Part (3) provides all possible six simple Pattern templates and three complex
                    Pattern types. The user can select a type, which changes an XForms case
                    selection and click on the dynamic button on the top of the list to create a new
                    Pattern according to the selected Pattern type. All types use a function to
                    insert an XForms instance according a template (six different templates for the
                    simple and three for the complex Patterns) into the calendarX instance on the
                    client site.</para><para>After having made some changes to the calendarX instance, the whole model can
                    either be saved via the Save Changes button on the top (1) or it can be reset to
                    the initial model data from the database via the Reset Changes button next to
                    it. Practically, the save button is an XForms submission with an http put method
                    to replace the database file (“sampleCalendarX.xml”) on the server site with the
                    calendarX instance on the client site. And following the same idea, the reset
                    button is an XForms submission with an http get request to replace the current
                    calendarX instance on the client site with the original data from the database
                    file on the server site, which culminates in the reset power. On the top view’s
                    right site one can change the Pattern to work on via the select menu.</para></sect1></chapter><chapter><title>More on XML technology</title><sect1><title>eXist database</title><para>The application is running on eXist database. The XML database provides a
                    complete platform for the development of applications based on all of the XML
                    technologies described in previous chapters. On top of that many of the key
                    components of eXist came in handy for the development of the calendarX system,
                    for example the standardized packaging format for modular applications, tight
                    integration with XForms and RESTful services.</para><para>The default application structure provided by eXist was adopted in the
                    calendarX application. The collection modules contains beneath other the files
                    “pattern_lib.xquery”, “app.xql” which is the heart of our
                    application. The collection resources contains the all the stylesheets such as
                    “createMonthView.xsl” or “style.css”, schemas and “sampleCalendarx.xml”-data.
                    The collection templates contains templates with the repeating parts of the
                    applications Html layout, for example “superEventTemplate.xml”.</para></sect1></chapter><chapter><title>Conclusions</title><sect1><title>Reflection </title><para>Summarizing it is to say that this calendarX system fullfills the requirements
                    of the project task and goes beyond that. The resulting application is a
                    calendar app that can create, retrieve, update and delete complex events. Of
                    course the devil is in the details and there is still room for further
                    improvements of the functionality and style. However the fundamental
                    functionalities are given and serviceable. </para><para>As review over the project phase it is to say that there were difficulties
                    sharing code over a repository as soon as the application code was embedded in
                    eXist. The files had to be manually moved to an eXist extern ("oXygen")-project
                    and the exchanged via the repository. This made it more difficult to work
                    simultaneously and distributed.</para><para>The approach of the XML technologies course is very straight forward. It was
                    very helpful to have the introductory phase where ideas and first drafsts could
                    be exchanged and presented. However, for some of the XML technologies used after
                    the introduction phase very few examples are available in the Internet, which
                    made it very time consuming to find a good solution to the problem. Therefore
                    more examples are always appreciated.</para><para>All together it was a great experience to be able to create a whole
                    application only with XML technologies.</para></sect1></chapter></part></book>