<collection xmlns="http://exist.sourceforge.net/NS/exist" name="/db/apps/calendarX/app_info/documentation/screenshots" owner="admin" group="dba" mode="755" created="2015-08-04T16:53:22+02:00" version="1">
    <acl entries="0" version="1"/>
    <resource type="BinaryResource" name="singleEventViewScreen.PNG" owner="admin" group="dba" mode="644" created="2015-08-04T16:52:50+02:00" modified="2015-08-04T16:52:50+02:00" filename="singleEventViewScreen.PNG" mimetype="image/png">
        <acl entries="0" version="1"/>
    </resource>
    <resource type="BinaryResource" name="monthView.png" owner="admin" group="dba" mode="644" created="2015-08-04T16:52:50+02:00" modified="2015-08-04T16:52:50+02:00" filename="monthView.png" mimetype="image/png">
        <acl entries="0" version="1"/>
    </resource>
    <resource type="BinaryResource" name="mainPageScreen.PNG" owner="admin" group="dba" mode="644" created="2015-08-04T16:52:49+02:00" modified="2015-08-04T16:52:49+02:00" filename="mainPageScreen.PNG" mimetype="image/png">
        <acl entries="0" version="1"/>
    </resource>
    <resource type="BinaryResource" name="editPatternsScreen.PNG" owner="admin" group="dba" mode="644" created="2015-08-04T16:52:49+02:00" modified="2015-08-04T16:52:49+02:00" filename="editPatternsScreen.PNG" mimetype="image/png">
        <acl entries="0" version="1"/>
    </resource>
    <resource type="BinaryResource" name="editCalendarXScreen.PNG" owner="admin" group="dba" mode="644" created="2015-08-04T16:52:49+02:00" modified="2015-08-04T16:52:49+02:00" filename="editCalendarXScreen.PNG" mimetype="image/png">
        <acl entries="0" version="1"/>
    </resource>
</collection>